<appian-plugin name="JSON To Excel" key="com.exlservice.plugins">

    <plugin-info>

    <description>JSON To Excel Smart Service</description>

        <vendor name="EXL Service" url="https://www.exlservice.com" />

        <version>1.0.0</version>

        <application-version min="10.0" />

    </plugin-info>

    <!-- Smart Services -->

    <smart-service name="JSON To Excel Smart Service" key="JsonToExcel" class = "com.exlservice.plugins.JsonToExcelSmartService" />

</appian-plugin>